Set	Number of overhangs	Estimated fidelity	Individual overhang sequences 
1	15	98.50%	TGCC
1	15	98.50%	 GCAA
1	15	98.50%	 ACTA
1	15	98.50%	 TTAC
1	15	98.50%	 CAGA
1	15	98.50%	 TGTG
1	15	98.50%	 GAGC
1	15	98.50%	 AGGA
1	15	98.50%	 ATTC
1	15	98.50%	 CGAA
1	15	98.50%	 ATAG
1	15	98.50%	 AAGG
1	15	98.50%	 AACT
1	15	98.50%	 AAAA
1	15	98.50%	 ACCG
2	20	98.10%	AGTG
2	20	98.10%	 CAGG
2	20	98.10%	 ACTC
2	20	98.10%	 AAAA
2	20	98.10%	 AGAC
2	20	98.10%	 CGAA
2	20	98.10%	 ATAG
2	20	98.10%	 AACC
2	20	98.10%	 TACA
2	20	98.10%	 TAGA
2	20	98.10%	 ATGC
2	20	98.10%	 GATA
2	20	98.10%	 CTCC
2	20	98.10%	 GTAA
2	20	98.10%	 CTGA
2	20	98.10%	 ACAA
2	20	98.10%	 AGGA
2	20	98.10%	 ATTA
2	20	98.10%	 ACCG
2	20	98.10%	 GCGA
3	25	95.80%	CCTC
3	25	95.80%	 CTAA
3	25	95.80%	 GACA
3	25	95.80%	 GCAC
3	25	95.80%	 AATC
3	25	95.80%	 GTAA
3	25	95.80%	 TGAA
3	25	95.80%	 ATTA
3	25	95.80%	 CCAG
3	25	95.80%	 AGGA
3	25	95.80%	 ACAA
3	25	95.80%	 TAGA
3	25	95.80%	 CGGA
3	25	95.80%	 CATA
3	25	95.80%	 CAGC
3	25	95.80%	 AACG
3	25	95.80%	 AAGT
3	25	95.80%	 CTCC
3	25	95.80%	 AGAT
3	25	95.80%	 ACCA
3	25	95.80%	 AGTG
3	25	95.80%	 GGTA
3	25	95.80%	 GCGA
3	25	95.80%	 AAAA
3	25	95.80%	 ATGA
4	30	91.70%	TACA
4	30	91.70%	 CTAA
4	30	91.70%	 GGAA
4	30	91.70%	 GCCA
4	30	91.70%	 CACG
4	30	91.70%	 ACTC
4	30	91.70%	 CTTC
4	30	91.70%	 TCAA
4	30	91.70%	 GATA
4	30	91.70%	 ACTG
4	30	91.70%	 AACT
4	30	91.70%	 AAGC
4	30	91.70%	 CATA
4	30	91.70%	 GACC
4	30	91.70%	 AGGA
4	30	91.70%	 ATCG
4	30	91.70%	 AGAG
4	30	91.70%	 ATTA
4	30	91.70%	 CGGA
4	30	91.70%	 TAGA
4	30	91.70%	 AGCA
4	30	91.70%	 TGAA
4	30	91.70%	 ACAT
4	30	91.70%	 CCAG
4	30	91.70%	 GTGA
4	30	91.70%	 ACGA
4	30	91.70%	 ATAC
4	30	91.70%	 AAAA
4	30	91.70%	 AAGG
4	30	91.70%	 CAAC